"VCGE-1","VCGE-2"
"Farmácia popular","Medicamentos e aparelhos,Saúde"
"Turismo rural","Comércio e Serviços,Turismo"
"Registro de obra audiovisual","Cultura"
"Manejo nas unidades de conservação","Meio ambiente,Preservação e Conservação Ambiental"
"Projeto de lei federal",""
"Planos de saúde","Saúde"
"Saúde do idoso","Saúde"
"Governo municipal","Administração"
"Consulta comercial","Serviços Urbanos,Urbanismo"
"Casamento",""
"Estrangeiro","Relações Internacionais"
"Controle social e prestação de contas","Fiscalização do Estado,Administração"
"Atestado de antecedentes",""
"Biotecnologia","Biodiversidade,Meio ambiente,Pesquisa e Desenvolvimento"
"Uso do solo","Biodiversidade,Meio ambiente"
"Resíduos domiciliares","Meio ambiente"
"Florestas","Meio ambiente"
"Gestão internacional das substâncias químicas - SAICM","Meio ambiente"
"Alienação de bens","Administração"
"Agricultura familiar","Biodiversidade,Meio ambiente,Agropecuária"
"Fundação de apoio - pós-graduação","Educação,Educação superior"
"Cultivo","Agropecuária"
"Biomassa","Meio ambiente"
"Curta metragem","Cultura"
"Doença animal","Agropecuária"
"Pneus","Meio ambiente"
"Aeronáutica","Defesa Nacional"
"Polícia militar","Segurança e Ordem Pública"
"Recursos hídricos na agropecuária","Meio ambiente,Água"
"Promoção comercial internacional","Comercio externo,Comércio e Serviços"
"Medicamentos similares","Medicamentos e aparelhos,Saúde"
"Zona econômica exclusiva","Biodiversidade,Meio ambiente"
"Itinerários transportes coletivos","Serviços Urbanos,Urbanismo"
"Manejo da agrobiodiversidade","Biodiversidade,Meio ambiente"
"Curso seqüencial","Educação,Educação superior"
"Gestão dos recursos hídricos","Meio ambiente,Água"
"Indústria eletro-eletrônica","Propriedade Industrial,Indústria"
"Indústria têxteis","Propriedade Industrial,Indústria"
"Áreas prioritárias para a biodiversidade","Biodiversidade,Preservação e Conservação Ambiental,Meio ambiente"
"Inventário floresta nacional","Meio ambiente"
"Gestão de resíduos sólidos","Meio ambiente,Preservação e Conservação Ambiental"
"Indicadores educacionais","Educação"
"Ordenamento territorial","Meio ambiente"
"Licenciatura plena","Educação,Educação superior"
"Embalagem de alimentos","Agropecuária"
"Armazenamento de alimento","Abastecimento,Agropecuária"
"Análise de risco - área animal","Agropecuária"
"Média metragem","Cultura"
"Organização territorial","Administração"
"Unidades de manejo em florestas públicas","Meio ambiente"
"Exploração de serviços florestais","Meio ambiente"
"Comercialização agrícola","Abastecimento,Agropecuária"
"Execução penal",""
"Previdência básica","Previdência Social,Previdência Básica"
"Hospital","Saúde,Assistência Hospitalar e Ambulatorial"
"Energia elétrica","Energia elétrica,Energia"
"Conhecimento tradicional associado ao patrimônio genético (CTA)","Biodiversidade,Meio ambiente"
"Medicamentos proibidos","Medicamentos e aparelhos,Saúde"
"Serviços de coleta, unitização, desunitização, movimentação, armazenagem e entrega de cargas ao dest","Transportes"
"Comitês de bacias hidrográficas","Meio ambiente,Água"
"Promoção industrial","Indústria"
"Planejamento e administração em saúde pública","Saúde"
"Sucessão",""
"Coleções de plantas vivas","Biodiversidade,Meio ambiente"
"Feiras de negócios","Meio ambiente"
"Transporte aquaviário de cargas","Transportes,Transporte Hidroviário"
"Indústria cultural","Propriedade Industrial,Indústria"
"Conselho nacional de educação","Educação"
"Publicações oficiais","Comunicações"
"Minissérie","Cultura"
"Programas de transferência de renda","Proteção Social"
"Produção mais limpa (P+L)","Biodiversidade,Meio ambiente"
"Condicionantes dos licenciamentos","Meio ambiente"
"Sistemas georreferenciados","Meio ambiente"
"Multimídia","Pesquisa e Desenvolvimento"
"Avaliação de estoque pesqueiro","Biodiversidade,Meio ambiente"
"Regularização fundiária","Meio ambiente,Preservação e Conservação Ambiental"
"Organização religiosa",""
"Passaporte",""
"Ocupação e uso do solo","Urbanismo"
"Finanças pessoais","Economia e Finanças"
"Política e gestão industrial","Indústria"
"Especificação do projeto de publicidade","Urbanismo"
"Recursos energéticos","Energia"
"Saúde bucal","Saúde"
"Bacharelado","Educação,Educação superior"
"Programas recreacionais em unidades de conservação","Meio ambiente,Preservação e Conservação Ambiental"
"Política de preço","Agropecuária"
"Manejo da biodiversidade","Biodiversidade,Meio ambiente"
"Teatro","Cultura"
"Concubinato",""
"Implementação da agenda 21","Meio ambiente"
"Mitigação dos efeitos das secas","Meio ambiente"
"Educação infantil","Educação,Educação básica"
"Casa própria","Habitação"
"Concessão de transporte rodoviário","Transportes,Transporte Rodoviário"
"Órgãos de execução penal",""
"Carteira de identidade",""
"Regiões e estados","Comércio e Serviços,Turismo"
"Credenciamento de cursos","Educação,Educação superior"
"Museu do meio ambiente","Meio ambiente"
"Trabalho estrangeiro","Relações Internacionais,Trabalho"
"Indústria naval","Propriedade Industrial,Indústria"
"Gestão do trabalho em saúde","Saúde"
"Poluição sonora","Meio ambiente"
"Nacionalização/privatização","Economia e Finanças"
"Pesca industrial","Agropecuária"
"Códigos voluntários","Meio ambiente"
"Horário ônibus","Serviços Urbanos,Urbanismo"
"Florestas públicas","Meio ambiente"
"Identificação pessoal",""
"AIDS","Saúde"
"Transporte aéreo","Transportes,Transporte Aéreo"
"Prevenção e atendimento a situação de emergência ambiental","Meio ambiente"
"Coleta e transporte de recursos genéticos naturais","Biodiversidade,Meio ambiente"
"Governo e Política","Administração"
"Comissão nacional de segurança química - CONASQ","Meio ambiente"
"Pesca predatória","Biodiversidade,Meio ambiente"
"Fórum intergovernamental","Meio ambiente"
"Projeto de lei municipal",""
"Praga de animal","Agropecuária"
"Tutela e curatela",""
"Sistema de saúde","Saúde"
"Realização orçamentária e financeira","Administração,Planejamento"
"Turismo cultural","Comércio e Serviços,Turismo"
"Agenda 21","Meio ambiente"
"Compensação ambiental","Meio ambiente"
"Auxilio doença","Previdência Social"
"Desenvolvimento tecnológico de produtos","Biodiversidade,Meio ambiente"
"Saúde","Saúde"
"Saúde do preso",""
"Fitoterapia","Saúde"
"Áreas protegidas com reconhecimento internacional","Meio ambiente,Preservação e Conservação Ambiental"
"Importação","Comércio e Serviços"
"Dispersão","Biodiversidade,Meio ambiente"
"Habitação, Saneamento e Urbanismo",",Habitação,Saneamento"
"Serviços postais","Comunicações"
"Acordo de nível de serviço de gestão ambiental","Meio ambiente"
"Extradição","Relações Internacionais"
"Aditivos de alimentos","Agropecuária"
"Mata atlântica","Biodiversidade,Meio ambiente"
"Participação e controle","Meio ambiente"
"Plantio convencional","Agropecuária"
"Plano nacional de educação","Educação"
"Estrutiocultura","Agropecuária"
"Sustentabilidade ambiental","Biodiversidade,Meio ambiente"
"Tratamento de resíduos sólidos","Meio ambiente,Preservação e Conservação Ambiental"
"Legislação de publicidade ao ar livre","Urbanismo"
"Propriedade industrial","Produção Industrial,Indústria"
"Especialista em educação","Educação"
"Contribuição previdenciária","Trabalho"
"Regime de execução de pena",""
"Desnutrição","Saúde"
"Supletivo","Educação"
"Partidos políticos","Administração"
"Segundo ciclo","Educação,Educação básica"
"Energias renováveis","Meio ambiente"
"Alimentação saudável","Saúde"
"Resíduos comerciais","Meio ambiente"
"Defesa do consumidor","Proteção Social,Combate a desigualdade"
"Pesca intensiva","Agropecuária"
"Limpeza urbana","Meio ambiente,Preservação e Conservação Ambiental"
"Transportes e trânsito","Transportes,,Urbanismo"
"Erosão do solo","Meio ambiente"
"Gripe","Saúde"
"Fragmentação de florestas","Biodiversidade,Meio ambiente"
"Sanidade animal","Agropecuária"
"Biogás","Meio ambiente"
"Proteção social básica","Proteção Social"
"Presídios",""
"Ambulatório","Saúde,Assistência Hospitalar e Ambulatorial"
"Código de conduta","Administração"
"Indústria pesqueira","Agropecuária"
"Resíduos rurais","Meio ambiente"
"Estações ecológicas","Meio ambiente,Preservação e Conservação Ambiental"
"Carteira nacional de habilitação",""
"Alimento","Agropecuária"
"Professor","Educação"
"Asilo político","Relações Internacionais"
"Manejo sustentável de animais silvestres","Biodiversidade,Meio ambiente"
"Ética publica","Administração"
"Câmbio","Comércio e Serviços,Turismo"
"Águas transfronteriças","Meio ambiente,Água"
"Esporte comunitário","Esporte e Lazer"
"Formação de pessoal penal e penitenciário",""
"Resíduos industriais","Saúde"
"Poder judiciário",",Administração"
"Rádio","Comunicações"
"Documentário","Cultura"
"Desmatamento","Biodiversidade,Meio ambiente"
"Casa de albergados",""
"Paraná","Meio ambiente,Água"
"Marinha","Defesa Nacional"
"Serviço de Inteligência","Policiamento,Segurança e Ordem Pública"
"Economia e Finanças","Economia e Finanças"
"Defesa Nacional","Defesa Nacional"
"Variedades crioulas","Biodiversidade,Meio ambiente"
"Proteção social especial à pessoa em situação de risco","Proteção Social"
"Exército","Defesa Nacional"
"Meio ambiente","Meio ambiente"
"Bibliotecas","Comunicações"
"Penitenciarias",""
"Poder legislativo","Administração"
"Organização agrária","Agropecuária"
"Pesca continental","Agropecuária"
"Herbários","Biodiversidade,Meio ambiente"
"Ilícitos associados","Meio ambiente"
"Serviço da divida interna","Economia e Finanças"
"Indústria extrativa","Propriedade Industrial,Indústria"
"Tecnologia de alimentos","Indústria,Propriedade Industrial,Agropecuária"
"Saneamento ambiental urbano","Meio ambiente"
"Fomento (audiovisual)","Cultura"
"Conservação e preservação de biomas","Biodiversidade,Meio ambiente"
"Poderes do estado","Administração"
"Manejo sustentável de espécies da flora","Biodiversidade,Meio ambiente"
"Resíduos sólidos urbanos","Meio ambiente"
"Calendário de vacinação da criança","Combate a epidemias,Saúde"
"Qualidade de produtos para o consumidor","Vigilância Sanitária,Saúde"
"Precatórios","Economia e Finanças"
"Parnaíba","Meio ambiente,Água"
"Gestão das unidades de conservação","Meio ambiente,Preservação e Conservação Ambiental"
"Espécies de intercâmbio facilitado","Biodiversidade,Meio ambiente"
"Sistema educacional - Avaliação","Educação"
"Tombamento histórico","Urbanismo"
"Software proprietário","Pesquisa e Desenvolvimento"
"Pampa","Biodiversidade,Meio ambiente"
"Regiões hidrográficas","Meio ambiente,Água"
"Espécies ameaçadas","Biodiversidade,Meio ambiente"
"UPA 24 horas","Saúde"
"Estudo de impacto ambiental - EIA","Meio ambiente"
"Bacias hidrográficas","Meio ambiente,Água"
"Previdência do servidor","Previdência Social"
"Irrigação e drenagem","Produção agropecuária,Agropecuária"
"Radiodifusão","Comunicações"
"Pesquisas para conservação de espécies","Biodiversidade,Meio ambiente"
"Desenvolvimento econômico","Economia e Finanças"
"Pensões","Previdência Social"
"Secretaria escolar","Educação"
"Educação para a saúde","Saúde"
"Espaços litorâneos","Biodiversidade,Meio ambiente"
"Doença de planta","Agropecuária"
"Pareceres","Educação"
"Ovinocultura","Agropecuária"
"Cultura, Lazer e Esporte",",Esporte e Lazer,Cultura"
"Legislação e normas","Administração"
"Antártida","Biodiversidade,Meio ambiente"
"Pintura","Cultura"
"Manejo alternativo de animais crioulos e silvestres","Biodiversidade,Meio ambiente"
"Qualidade de saneantes","Vigilância Sanitária,Saúde"
"Alto Paraguai","Meio ambiente,Água"
"Áreas desmatadas","Biodiversidade,Meio ambiente"
"Administração financeira","Economia e Finanças"
"Direitos das comunidades tradicionais associado ao patrimônio genético","Biodiversidade,Meio ambiente"
"Degradação de habitats","Biodiversidade,Meio ambiente"
"Reserva da fauna","Meio ambiente,Preservação e Conservação Ambiental"
"Restauração e preservação","Meio ambiente,Preservação e Conservação Ambiental"
"Turismo gastronômico","Comércio e Serviços,Turismo"
"Poluentes orgânicos persistentes","Meio ambiente"
"Apicultura","Agropecuária"
"Permanência do estrangeiro","Relações Internacionais"
"Tratado internacional","Relações Internacionais"
"Gestão de florestas públicas","Meio ambiente"
"Legislação de saúde","Saúde"
"Fotografia","Cultura"
"Legislação e jurisprudência",""
"Sala de exibição","Cultura"
"Pré-escola","Educação,Educação básica"
"Defesa animal","Agropecuária"
"Medidas preventivas, mitigadoras e compensatórias","Biodiversidade,Meio ambiente"
"Auxilio reclusão","Previdência Social"
"Previdência do regime estatutário","Previdência Social"
"Saúde no sistema penitenciário","Saúde"
"Qualidade de medicamentos","Vigilância Sanitária,Saúde"
"Desenvolvimento de bioprodutos","Biodiversidade,Meio ambiente"
"Degradação da terra nas áreas semi-áridas e subúmidas secas","Meio ambiente"
"Fisiologia vegetal","Agropecuária"
"Assistência técnica","Produção agropecuária,Agropecuária"
"Recursos humanos em saúde","Saúde"
"Televisão","Comunicações"
"Quarentena vegetal","Agropecuária"
"Indústria farmacêutica","Propriedade Industrial,Indústria"
"Indústria sucroalcooleira","Propriedade Industrial,Indústria"
"Tocantins-Araguaia","Água,Meio ambiente"
"Calendário de vacinação do idoso","Combate a epidemias,Saúde"
"Educação para quilombolas","Educação"
"Planejamento ambiental","Biodiversidade,Meio ambiente"
"Mananciais","Meio ambiente,Preservação e Conservação Ambiental"
"Biomas brasileiros","Biodiversidade,Meio ambiente"
"Métodos de ensino","Educação"
"Execução das ações de caráter permanente","Meio ambiente"
"Produção pesqueira","Agropecuária"
"Transporte ferroviário de passageiros","Transportes,Transporte Ferroviário"
"Pesca fluvial","Agropecuária"
"Florestas plantadas","Biodiversidade,Meio ambiente"
"Transporte aquaviário","Transportes,Transporte Hidroviário,Água,Meio ambiente"
"Oleodutos","Transportes"
"Sistema de informações sobre recursos hídricos","Meio ambiente,Água"
"Transporte dutoviário","Transportes"
"Esporte","Esporte e Lazer"
"Convenção internacional","Relações Internacionais"
"Processamento de produtos florestais","Meio ambiente"
"Educação no trânsito","Transportes"
"Educação do campo","Educação"
"Visitação de unidades de conservação","Meio ambiente,Preservação e Conservação Ambiental"
"Organização da produção","Meio ambiente"
"Cadeias produtivas da sociobiodiversidade","Biodiversidade,Meio ambiente"
"Registro comercial","Comércio e Serviços"
"Relações de trabalho","Trabalho"
"Polícia","Segurança e Ordem Pública"
"Dengue","Saúde"
"Desemprego","Trabalho"
"Extensão rural","Agropecuária"
"Arquitetura e engenharia em saúde","Saúde"
"Educação","Educação"
"Contribuição","Economia e Finanças"
"Análise de risco das espécies exóticas invasoras","Biodiversidade,Meio ambiente"
"Estímulo à investimentos de longo prazo em florestas públicas","Meio ambiente"
"Atlântico sul","Meio ambiente,Água"
"Planejamento e orçamento","Administração,Planejamento"
"Animais exóticos","Agropecuária"
"Gerenciamento de substancias e resíduos","Meio ambiente"
"Partido político",""
"Promoção comercial","Comércio e Serviços"
"Silvicultura com espécies nativas","Biodiversidade,Meio ambiente"
"Repartição de benefícios do patrimônio genético","Biodiversidade,Meio ambiente"
"Diploma educação superior","Educação,Educação superior"
"Esgoto sanitário","Meio ambiente"
"Unidades de conservação (UCS)","Meio ambiente,Preservação e Conservação Ambiental"
"Troca de lâmpadas","Serviços Urbanos,Urbanismo"
"Saúde do homem","Saúde"
"Gestão de conflitos da atividade minerária","Meio ambiente"
"Aquecimento global","Meio ambiente"
"Sistema de reserva de vagas","Educação,Educação superior"
"Documentos de publicidade ao ar livre","Urbanismo"
"Coleta de patrimônio genético","Biodiversidade,Meio ambiente"
"Transporte especial","Transportes"
"Violência","Saúde"
"Assistência e desenvolvimento social","Proteção Social"
"Transição agroecológica de sistemas de produção","Meio ambiente"
"Colonização","Agropecuária"
"Educação profissional técnica de nível médio","Educação,Educação profissionalizante"
"Logística e transporte de exportação","Comércio e Serviços"
"Turismo religioso","Comércio e Serviços,Turismo"
"Saúde do trabalhador","Saúde"
"Roteiros metodológicos de proteção integral de UCS","Meio ambiente,Preservação e Conservação Ambiental"
"Estoque regulador","Abastecimento,Agropecuária"
"Administração de despesas","Economia e Finanças"
"Televisão digital","Comunicações"
"Construção rural","Produção agropecuária,Agropecuária"
"Multimeios didáticos","Educação"
"Espécies exóticas invasoras","Biodiversidade,Meio ambiente"
"Florestas nativas","Meio ambiente"
"Moeda","Comércio e Serviços,Turismo"
"Acordos e tratados de cooperação internacionais","Meio ambiente,Água"
"Uso público das unidades de conservação","Meio ambiente,Preservação e Conservação Ambiental"
"Relacionados à unidades de conservação e zonas de amortecimento","Meio ambiente"
"Financiamento da educação","Educação"
"Indústria de arma e munição","Propriedade Industrial,Indústria"
"Solar","Meio ambiente"
"Outorga dos direitos de uso de recursos hídricos","Meio ambiente,Água"
"Alfabetização de jovens e adultos","Educação"
"Vacinação","Combate a epidemias,Saúde"
"Artes gráficas","Cultura"
"Oportunidades de emprego","Trabalho"
"Distúrbio vegetal","Agropecuária"
"Clínica animal","Agropecuária"
"Defesa do interesse publico",""
"Corredor central da amazônia (CCA)","Meio ambiente,Preservação e Conservação Ambiental"
"Legislação",""
"Nanomedicina","Pesquisa e Desenvolvimento"
"Reforma do judiciário",""
"Concessões de equipamentos urbanos","Serviços Urbanos,Urbanismo"
"Qualidade do ar","Meio ambiente"
"Monitoramento do meio ambiente","Meio ambiente"
"Engenharia agrícola","Produção agropecuária,Agropecuária"
"Recursos logísticos","Administração"
"Transferência de imóvel","Habitação"
"Obras","Administração"
"Ecossistemas aquáticos","Biodiversidade,Meio ambiente"
"Mestrado acadêmico","Educação,Educação superior"
"Manejo de espécies ameçadas de extinção","Biodiversidade,Meio ambiente"
"Pastagem","Agropecuária"
"Regima aberto",""
"Eólica","Meio ambiente"
"Dança","Cultura"
"Câmara de compensação ambiental","Meio ambiente"
"Coleções científicas de patrimônio genético","Biodiversidade,Meio ambiente"
"Emergências ambientais urbanas","Meio ambiente"
"Ostreicultura","Agropecuária"
"Indústria alimentar","Propriedade Industrial,Indústria"
"Zootecnia","Agropecuária"
"Reabilitação profissional","Previdência Social"
"Alimentação e nutrição","Saúde"
"Eletrificação rural","Produção agropecuária,Agropecuária"
"Educação profissional tecnológica de graduação e pós-graduação","Educação,Educação profissionalizante"
"Energia e meio ambiente","Meio ambiente"
"Geração de energia hidrelétrica","Meio ambiente,Água"
"Controle das espécies exóticas invasoras","Biodiversidade,Meio ambiente"
"Tribunais de alçada",""
"Monopólios e fusões","Economia e Finanças"
"Governo estadual","Administração"
"Concessão florestal","Meio ambiente"
"Revalidação diploma curso superior","Educação,Educação superior"
"Campanha conduta consciente","Biodiversidade,Meio ambiente"
"Estrutura agrária","Agropecuária"
"Recuperação e manejo sustentável","Meio ambiente,Preservação e Conservação Ambiental"
"Capacitação","Recursos humanos,Administração"
"Educação à distância","Educação"
"Medicamentos essenciais","Medicamentos e aparelhos,Saúde"
"Educação de jovens e adultos","Educação"
"Bioenergia","Energia,Combustíveis"
"Exploração econômica de recursos naturais","Meio ambiente"
"Radioamador","Comunicações"
"Adaptação à mudança do clima","Meio ambiente"
"Comunicação multimídia","Comunicações"
"Nanotecnologia","Biodiversidade,Meio ambiente,Pesquisa e Desenvolvimento"
"Caatinga","Biodiversidade,Meio ambiente"
"Conselhos estaduais de recursos hídricos","Meio ambiente,Água"
"Pesca artesanal","Agropecuária"
"Águas superficiais","Meio ambiente,Água"
"Classificação indicativa de vídeos, jogos, cinemas e outros","Proteção Social,Combate a desigualdade"
"Serviços ambientais","Meio ambiente"
"Por amparo legal","Educação,Educação superior"
"Extrativismo animal","Produção agropecuária,Agropecuária"
"Recuperação de recursos pesqueiros sobreexplotados","Biodiversidade,Meio ambiente"
"Mercado de capitais","Economia e Finanças"
"Praga de planta","Agropecuária"
"Cooperação acadêmica","Educação,Educação superior"
"Transporte ferroviário","Transportes,Transporte Ferroviário"
"Pesca extensiva","Agropecuária"
"Estatísticas em saúde","Saúde"
"Literatura","Cultura"
"Sanções administrativas","Meio ambiente"
"Petróleo","Energia,Combustíveis,Meio ambiente"
"Marinha mercante","Transportes,Transporte Hidroviário"
"Stricto sensu","Educação,Educação superior"
"Recifes de coral","Biodiversidade,Meio ambiente"
"Monitoramento e proteção das florestas","Meio ambiente"
"Saneamento","Saúde"
"Requerimento de publicidade ao ar livre","Urbanismo"
"Obra audiovisual publicitária","Cultura"
"Quarentena animal","Agropecuária"
"Relações diplomáticas","Relações Diplomáticas,Relações Internacionais"
"Trabalho do preso",""
"Revitalização de bacias hidrográficas","Meio ambiente,Água"
"Transporte internacional de cargas","Transportes"
"Sistema de mosaicos de áreas protegidas","Meio ambiente,Preservação e Conservação Ambiental"
"Compra de lixo","Meio ambiente,Preservação e Conservação Ambiental"
"Política econômica","Economia e Finanças"
"Ética política","Administração"
"Violência contra o idoso","Saúde"
"Seguros","Economia e Finanças"
"Infecção hospitalar","Saúde,Assistência Hospitalar e Ambulatorial"
"Participação e controle social em saúde","Saúde"
"Agências de viagens","Comércio e Serviços,Turismo"
"Racionalização do uso dos recursos e sua destinação","Meio ambiente"
"Métodos e meios de ensino e aprendizagem","Educação"
"Uruguai","Meio ambiente,Água"
"Combate ao desmatamento","Meio ambiente"
"Rodoviário","Serviços Urbanos,Urbanismo"
"Homeopatia","Saúde"
"Política nacional de justiça",""
"Audiências públicas","Meio ambiente"
"Qualidade de software","Pesquisa e Desenvolvimento"
"Polícia federal","Segurança e Ordem Pública"
"Folclore e cultura popular","Cultura"
"Valorização de resíduos florestais","Meio ambiente"
"Combate à desertificação","Meio ambiente"
"Indústria de celulose e papel","Propriedade Industrial,Indústria"
"Transgenia e sequenciamento","Agropecuária"
"Vacinas","Vigilância Sanitária,Saúde,Agropecuária"
"Seguro desemprego","Trabalho"
"Ambiente e saúde","Saúde"
"Passe escolar","Serviços Urbanos,Urbanismo"
"Suinocultura","Agropecuária"
"Ensino fundamental","Educação,Educação básica"
"Estocagem","Abastecimento,Agropecuária"
"Engenharia","Pesquisa e Desenvolvimento"
"Segurança alimentar","Biodiversidade,Abastecimento,Meio ambiente,Agropecuária"
"Banco de leite humano","Saúde"
"Demanda de emprego","Trabalho"
"Não nativas","Biodiversidade,Meio ambiente"
"Artes cênicas","Cultura"
"Salas verdes","Meio ambiente"
"Acompanhamento processual",""
"Serviços","Comércio e Serviços"
"Salário família","Previdência Social"
"Produtos e serviços gerados pelas florestas","Meio ambiente"
"Ciência espacial","Pesquisa e Desenvolvimento"
"Exploração espacial","Pesquisa e Desenvolvimento"
"Orçamento participativo","Fiscalização do Estado,Administração"
"Mercado de trabalho","Trabalho"
"Finanças públicas","Economia e Finanças"
"Ópera","Cultura"
"Amazônica","Meio ambiente,Água"
"Licitação","Administração,Compras governamentais"
"Construção","Urbanismo"
"Suprimento de alimento","Abastecimento,Agropecuária"
"Ecossistemas aquáticos degradados","Biodiversidade,Meio ambiente"
"Salas verdes x pontos de cultura","Meio ambiente"
"Estruturas educadoras integradas","Meio ambiente"
"Sustentabilidade dos recursos pesqueiros","Biodiversidade,Meio ambiente"
"Produção animal","Agropecuária"
"Transferências financeiras","Economia e Finanças"
"Gestão escolar","Educação"
"Internet","Pesquisa e Desenvolvimento"
"Agricultura orgânica","Agropecuária"
"Mudanças climáticas","Biodiversidade,Meio ambiente"
"Unidades de conservação","Biodiversidade,Meio ambiente"
"Consórcios públicos","Meio ambiente"
"Prevenção e combate à poluição","Meio ambiente"
"Qualidade de alimentos","Vigilância Sanitária,Saúde"
"Forragem","Agropecuária"
"Construção civil","Propriedade Industrial,Indústria"
"Emprego","Trabalho"
"Transporte ferroviário de cargas","Transportes,Transporte Ferroviário"
"Mecanização agrícola","Produção agropecuária,Agropecuária"
"Polícia ambiental","Meio ambiente"
"Polícia civil","Segurança e Ordem Pública"
"Eficiência energética","Meio ambiente"
"Nutrição animal","Agropecuária"
"Creche","Educação,Educação básica"
"Bioética","Saúde"
"Culturas étnicas","Cultura"
"Pesca amadora","Biodiversidade,Meio ambiente"
"Doenças de veiculação hídrica","Meio ambiente,Água"
"Fertilizantes e agrotóxicos","Agropecuária"
"Circo","Cultura"
"Tratamento de água","Saneamento Básico Urbano,Saneamento"
"Investimento","Economia e Finanças"
"Cobrança pelo uso da água","Meio ambiente,Água"
"Serviço móvel por satélite","Comunicações"
"Material didático","Educação"
"Gerenciamento costeiro e marinho","Meio ambiente"
"Procedimentos técnicos e administrativos","Meio ambiente"
"Ações e política de prevenção e repressão ao crime","Segurança e Ordem Pública"
"Coleta domiciliar (rotas, datas e horários)","Meio ambiente,Preservação e Conservação Ambiental"
"Bovinocultura","Agropecuária"
"Resíduos de serviços de saúde","Saúde"
"Biocomércio","Meio ambiente"
"Alimentação escolar","Educação"
"Projetos agroextrativistas de florestas públicas","Meio ambiente"
"Defesa civil","Segurança e Ordem Pública"
"Educação em reciclagem","Meio ambiente"
"Consolidação territorial","Meio ambiente,Preservação e Conservação Ambiental"
"Movimento transfronteiriços","Meio ambiente"
"Conselhos",""
"Amazônia","Biodiversidade,Meio ambiente"
"Classificação brasileira de ocupações","Trabalho"
"Gestão ambiental compartilhada","Meio ambiente"
"Peixe de água doce","Agropecuária"
"Aposentadoria por idade","Previdência Social"
"Avicultura","Agropecuária"
"Preço mínimo","Agropecuária"
"Autorização de saída",""
"Longa metragem","Cultura"
"Plantas medicinais","Biodiversidade,Meio ambiente"
"Látex","Produção agropecuária,Agropecuária"
"Parcelamento de solo","Urbanismo"
"Consulta protocolo","Serviços Urbanos,Urbanismo"
"Ação judiciária",""
"Violência de gênero","Saúde"
"Estudos hidrometeorológicos","Meio ambiente,Água"
"Fiscalização (audiovisual)","Cultura"
"Geotérmica","Meio ambiente"
"Campanhas de saúde","Saúde"
"Serviço da dívida externa","Economia e Finanças"
"Administração de concessões","Economia e Finanças"
"Resíduos tóxicos","Meio ambiente"
"Cooperação cientifica internacional","Educação,Educação superior"
"Melhoramento genético vegetal","Agropecuária"
"Comércio internacional e meio ambiente","Meio ambiente"
"Violência doméstica","Saúde"
"Piscicultura","Agropecuária"
"Manejo de florestas comunitárias","Meio ambiente"
"Cerrado","Biodiversidade,Meio ambiente"
"Autorização de cursos","Educação,Educação superior"
"Pronto socorro","Assistência Hospitalar e Ambulatorial,Saúde"
"Divida interna","Economia e Finanças"
"Proteção e conservação de água","Meio ambiente,Água"
"Entidades representativas do comércio e serviços","Comércio e Serviços"
"Utilização do patrimônio genético","Biodiversidade,Meio ambiente"
"Fiscalização animal","Agropecuária"
"Farmácia","Medicamentos e aparelhos,Saúde"
"Mortalidade infantil","Saúde"
"Ração","Agropecuária"
"Resíduos agropecuários","Meio ambiente"
"Graduação","Educação,Educação superior"
"Estatuto do idoso",""
"Comércio, Serviços e Turismo","Comércio e Serviços"
"Cultivo de patrimônio genético","Biodiversidade,Meio ambiente"
"Patrimônio espeleológico","Biodiversidade,Meio ambiente"
"Saúde dos portadores de deficiências","Saúde"
"Saúde da criança","Saúde"
"Alvará de funcionamento","Serviços Urbanos,Urbanismo"
"Educação do preso",""
"Ressocialização do egresso",""
"Mapas","Transportes"
"Ingresso no ensino superior","Educação,Educação superior"
"Educação continuada","Educação"
"Informação - Gestão, preservação e acesso","Comunicações"
"Conferência nacional de meio ambiente","Meio ambiente"
"Legislação (cultura)","Cultura"
"Magistério","Educação"
"Inovação tecnológica","Pesquisa e Desenvolvimento"
"Segurança química","Meio ambiente"
"Legislação internacional",""
"Pesquisa e coleta de material biológico","Biodiversidade,Meio ambiente"
"Relações internacionais","Relações Internacionais"
"Pecuária","Agropecuária"
"Regulamentação profissional","Trabalho"
"Robótica","Pesquisa e Desenvolvimento"
"Merenda escolar","Educação"
"Atividades científicas e de pesquisa de patrimônio genético","Biodiversidade,Meio ambiente"
"Avaliação ambiental integrada de bacia hidrográfica","Meio ambiente"
"Usos múltiplos de recursos hídricos","Meio ambiente,Água"
"Capina","Agropecuária"
"Cavernas","Biodiversidade,Meio ambiente"
"Turismo sustentável na amazônia legal","Biodiversidade,Meio ambiente"
"Pessoa",""
"Adoção",""
"Pós-graduação","Educação,Educação superior"
"Indústria","Indústria"
"Protocolo","Administração,Serviços Públicos"
"Ensino fundamental de 8 anos","Educação,Educação básica"
"Teleconferência","Comunicações"
"Rastreamento e certificação da produção agrícola","Biodiversidade,Meio ambiente"
"Indústria química e petroquímica","Propriedade Industrial,Indústria"
"Recuperação e restauração de ecossistemas","Meio ambiente"
"Aeroportos","Comércio e Serviços,Turismo"
"Aquicultura e pesca","Meio ambiente,Água"
"Gás natural","Meio ambiente"
"Produção Industrial","Propriedade Industrial,Indústria"
"Safra","Agropecuária"
"Sobreexplotação","Biodiversidade,Meio ambiente"
"Condutas ambientalmente adequadas","Meio ambiente"
"Afro-brasileiro","Cultura"
"Valoração dos serviços ambientais prestados pelas florestas e demais forma de vegetação nativa","Meio ambiente"
"Comunicação","Comunicações"
"Desmatamento na Amazônia","Meio ambiente"
"Governo federal","Administração"
"Tribunais estaduais",""
"Sistema nacional de meio ambiente - SISNAMA","Meio ambiente"
"Divida externa","Economia e Finanças"
"Planejamento florestal","Meio ambiente"
"Sanções criminais","Meio ambiente"
"Segurança de dados e informações","Comunicações"
"Energio nuclear","Energia,Combustíveis"
"Normalização e qualidade","Normalização e Qualidade,Administração"
"Agricultura de precisão","Produção agropecuária,Agropecuária"
"Legislação municipal",""
"Vestibular","Educação,Educação superior"
"Comércio em parques","Serviços Urbanos,Urbanismo"
"Financiamento habitacional","Habitação"
"Colheita","Agropecuária"
"Camada de ozônio","Meio ambiente"
"Investidores interessados na área ambiental","Meio ambiente"
"Maremotriz","Meio ambiente"
"Televisão terrestre","Comunicações"
"Sistema financeiro","Economia e Finanças"
"Parceria",""
"Orçamento de saúde","Saúde"
"Medicamentos genéricos","Medicamentos e aparelhos,Saúde"
"Sangue e hemoderivados","Saúde"
"Representação judicial e extrajudicial",""
"Minerodutos","Transportes"
"Criação de unidades de conservação","Meio ambiente,Preservação e Conservação Ambiental"
"Órgãos públicos gestores de recursos hídricos","Meio ambiente,Água"
"Áreas de proteção ambiental","Meio ambiente,Preservação e Conservação Ambiental"
"Áreas susceptíveis à desertificação","Meio ambiente"
"Infraestrutura de transporte ferroviário","Transportes,Transporte Ferroviário"
"Direitos humanos",""
"Conservação de energia","Meio ambiente"
"Qualidade ambiental","Meio ambiente"
"Instituições fiéis depositárias","Biodiversidade,Meio ambiente"
"Termo de transferência de material (TTM)","Biodiversidade,Meio ambiente"
"Adubação e correção","Agropecuária"
"Detecção da exploração florestal (DETEX)","Meio ambiente"
"Indústria madeireira e movelaria","Propriedade Industrial,Indústria"
"Calendário de vacinação do adulto","Combate a epidemias,Saúde"
"Projeto básico ambiental","Meio ambiente"
"Estrutura vegetal","Agropecuária"
"Meios de acesso","Pesquisa e Desenvolvimento"
"Criação de florestas nacionais, estaduais e municipais","Meio ambiente"
"Agrotóxicos","Biodiversidade,Meio ambiente"
"Abastecimento de água","Meio ambiente,Água"
"Hospedagem","Comércio e Serviços,Turismo"
"Carcinocultura","Biodiversidade,Meio ambiente"
"Agroindústria","Biodiversidade,Propriedade Industrial,Meio ambiente,Indústria"
"Produtora de obra audiovisual","Cultura"
"Estagio","Recursos humanos,Administração"
"Banco de sangue","Saúde"
"Riscos associados a novas tecnologias","Biodiversidade,Meio ambiente"
"Animação","Cultura"
"Fruticultura","Agropecuária"
"Caprinocultura","Agropecuária"
"Entidades de assistência","Proteção Social"
"Indústria cerâmica","Propriedade Industrial,Indústria"
"Eventos críticos (secas e enchentes)","Meio ambiente,Água"
"Resíduos hospitalares","Meio ambiente"
"Compensação de reserva legal","Meio ambiente"
"Gestão da educação em saúde","Saúde"
"Regime de quarentena","Administração"
"Política agrícola","Agropecuária"
"Conversão de multas de sanções administrativas","Meio ambiente"
"Acidentes com produtos químicos perigosos","Meio ambiente"
"Emergências e Urgências","Saúde"
"Inseminação artificial","Agropecuária"
"Substâncias químicas","Meio ambiente"
"Convenção das nações unidas de combate à desertificação","Meio ambiente"
"Representações brasileira no exterior","Relações Internacionais"
"Transplantes de órgãos e tecidos","Saúde"
"Qualidade de água","Meio ambiente,Água"
"Livro didático","Educação"
"Resíduos florestais","Meio ambiente"
"Concessão de transporte ferroviário","Transportes,Transporte Ferroviário"
"Indústria automobilística","Propriedade Industrial,Indústria"
"Indicadores e estatísticas em comércio e serviços","Comércio e Serviços"
"Combustível","Produção agropecuária,Agropecuária"
"Pantanal","Biodiversidade,Meio ambiente"
"Cartão nacional de saúde","Saúde"
"Título de eleitor",""
"Profissões e ocupações","Trabalho"
"Prevenção de acidentes de trânsito","Transportes"
"Contracheque","Recursos humanos,Administração"
"Zoneamento agro-ecológico","Meio ambiente"
"Achados e perdidos",""
"Agência de água","Meio ambiente,Água"
"Protocolo de Quioto","Meio ambiente"
"Ciência e Tecnologia","Pesquisa e Desenvolvimento"
"Paraíba do Sul","Meio ambiente,Água"
"Ecomercados e negócios sustentáveis","Meio ambiente"
"Política","Administração"
"Beneficio previdenciários","Previdência Social"
"Variedades de sementes e mudas","Agropecuária"
"Combate à pirataria","Cultura"
"Extrativismo","Biodiversidade,Produção agropecuária,Meio ambiente,Agropecuária"
"Peixe marinho","Agropecuária"
"Atendimento ao cidadão","Administração,Serviços Públicos"
"Educação superior","Educação,Educação superior"
"Certidões",""
"Conselho nacional de recursos hídricos","Meio ambiente,Água"
"Procedimento administrativo disciplinar","Administração"
"Unidade básica de saúde","Saúde,Assistência Hospitalar e Ambulatorial"
"Certificação de produto de telecomunicações","Comunicações"
"Resíduos da construção civil e demolição","Meio ambiente"
"Transporte","Abastecimento,Agropecuária"
"Parâmetros e diretrizes curriculares nacionais","Educação"
"CPF",""
"Área de relevante interesse ecológico","Meio ambiente,Preservação e Conservação Ambiental"
"Curso normal superior","Educação,Educação superior"
"Exploração de florestas e formações sucessoras","Meio ambiente"
"Reservas extrativistas","Preservação e Conservação Ambiental,Meio ambiente"
"Facultativa","Educação,Educação superior"
"Proteção e defesa do cidadão","Proteção Social,Combate a desigualdade"
"Maciços florestais urbanos","Meio ambiente"
"DST","Saúde"
"Trânsito","Transportes"
"Bombeiro 193","Saúde"
"Indicadores","Fiscalização do Estado,Administração"
"Direito autoral","Cultura"
"Legislação estadual",""
"Educação ambiental","Educação,Meio ambiente"
"Educação profissional e tecnológica","Educação,Educação profissionalizante"
"Cooperativa agrícola","Agropecuária"
"Sanções administrativas compensatórias","Meio ambiente"
"Ciência, Informação e Comunicação",",Comunicações,Pesquisa e Desenvolvimento"
"Uso sustentável de recursos pesqueiros","Biodiversidade,Meio ambiente"
"Agenda ambiental na administração pública (A3P)","Meio ambiente"
"Energia nuclear","Meio ambiente"
"Parcelamento de multas","Transportes"
"Tratamento e disposição de esgoto","Meio ambiente"
"Terminais privativos","Transportes,Transporte Hidroviário"
"Biologia vegetal","Agropecuária"
"Integração do meio ambiente e produção","Biodiversidade,Meio ambiente"
"Programas de governo - agricultura","Agropecuária"
"Infrações ambientais","Meio ambiente"
"Iluminação pública","Serviços Urbanos,Urbanismo"
"Espécies dependentes de conservação","Biodiversidade,Meio ambiente"
"Ameaças à biodiversidade","Biodiversidade,Meio ambiente"
"Justiça e Legislação",""
"Aleitamento materno","Saúde"
"Conservação da energia","Energia"
"Conselhos e câmaras temáticas de turismo","Comércio e Serviços,Turismo"
"Saúde do indígena","Saúde"
"Saúde do adolescente e do jovem","Saúde"
"Mangue","Biodiversidade,Meio ambiente"
"Comunidade e sociedade","Proteção Social"
"Tributo","Economia e Finanças"
"Cadeias",""
"Matriz energética ambientalmente adequada","Meio ambiente"
"Hidrovias interiores","Transportes,Transporte Hidroviário"
"Custos de medicamentos","Medicamentos e aparelhos,Saúde"
"Legislação federal",""
"Segurança hídrica","Meio ambiente,Água"
"Imóveis","Urbanismo"
"Aviação agrícola","Produção agropecuária,Agropecuária"
"Móvel especial de radiochamada","Comunicações"
"Formação de recursos humanos em segurança publica","Segurança e Ordem Pública"
"Assistência social ao preso e a família",""
"Contaminação de alimentos","Agropecuária"
"Atividade sucroalcooleira","Biodiversidade,Meio ambiente"
"Florestas nacionais","Meio ambiente,Preservação e Conservação Ambiental"
"Crédito agrícola","Agropecuária"
"Profissionais da educação","Educação"
"Cartão transporte","Serviços Urbanos,Urbanismo"
"Exploração ilegal de madeira","Meio ambiente"
"Poder familiar",""
"Áreas protegidas","Meio ambiente,Preservação e Conservação Ambiental"
"Insumos agrícolas","Agropecuária"
"Saúde da família","Saúde"
"Plantio e recomposição florestal","Meio ambiente"
"Planejamento estratégico","Administração,Planejamento"
"Biodiversidade","Biodiversidade,Meio ambiente"
"Capacitação para a implementação de atividades florestais","Meio ambiente"
"Política cultural","Cultura"
"Certificado Internacional de Vacinação e Profilaxia (CIVP)","Comércio e Serviços,Saúde,Turismo"
"Economia pesqueira","Agropecuária"
"Coletivos educadores","Meio ambiente"
"Uso sustentável das unidades de conservação","Meio ambiente,Preservação e Conservação Ambiental"
"Banco de dados","Pesquisa e Desenvolvimento"
"Centro de documentação","Comunicações"
"Valoração econômica dos recursos naturais","Meio ambiente"
"Pesca","Agropecuária"
"Potencial construtivo","Urbanismo"
"Convenção sobre diversidade biológica (CDB)","Biodiversidade,Meio ambiente"
"Privacidade da informação","Comunicações"
"Reserva particular do patrimônio natural","Meio ambiente,Preservação e Conservação Ambiental"
"Transporte internacional","Transportes"
"Saúde do viajante","Saúde"
"Ministério público","Administração"
"Carteira de identificação do estrangeiro","Relações Internacionais"
"Cidadania ambiental","Meio ambiente"
"Jogos e loterias","Lazer,Esporte e Lazer"
"Reuso e reaproveitamento de água","Meio ambiente,Água"
"Música","Cultura"
"Informações sociais","Trabalho"
"Ecoturismo","Comércio e Serviços,Preservação e Conservação Ambiental,Meio ambiente,Biodiversidade,Turismo"
"Execução orçamentária e financeira","Administração,Planejamento"
"Móvel marítimo","Comunicações"
"Patrimônio histórico, artístico e arqueológico","Cultura"
"Escultura","Cultura"
"Defesa Vegetal","Agropecuária"
"Transgênicos","Biodiversidade,Meio ambiente"
"Educação básica","Educação,Educação básica"
"Refinanciamento da divida interna","Economia e Finanças"
"Materiais perigosos","Meio ambiente"
"Arranjos produtivos locais (APL)","Biodiversidade,Meio ambiente"
"Fiscalização do estado","Fiscalização do Estado,Administração"
"Registro de nascimento",""
"Trabalho social voluntário","Proteção Social"
"Perda de habitats","Biodiversidade,Meio ambiente"
"Direitos e deveres individuais",""
"Aposentadoria especial","Previdência Social"
"Caracterização técnico-econômica de cadeias produtivas sustentáveis","Biodiversidade,Meio ambiente"
"Lixo tóxico","Meio ambiente,Preservação e Conservação Ambiental"
"Rodoviárias","Comércio e Serviços,Turismo"
"Apoio escolar","Educação"
"Sistemas de certificação e rastreabilidade socioambiental","Biodiversidade,Meio ambiente"
"Florestas naturais","Meio ambiente"
"Aterro sanitário","Meio ambiente,Preservação e Conservação Ambiental"
"Conservação de espécies ameçadas de extinção","Biodiversidade,Meio ambiente"
"Moedas e cambio","Economia e Finanças"
"Geração de renda nas unidades de conservação","Preservação e Conservação Ambiental,Meio ambiente"
"Veterinária","Agropecuária"
"Radares","Transportes"
"Governo móvel","Administração,Serviços Públicos"
"Esporte de rendimento","Esporte e Lazer"
"Denúncia","Proteção Social,Combate a desigualdade"
"Pesquisa científica de patrimônio genético","Biodiversidade,Meio ambiente"
"Recreação","Lazer,Esporte e Lazer"
"Segurança pública","Segurança e Ordem Pública"
"Projetos de assentamento florestal","Meio ambiente"
"Drenagem pluvial","Saneamento Básico Urbano,Saneamento,Meio ambiente"
"Tecnologia educacional","Educação"
"Roteiros e atrações turísticas","Comércio e Serviços,Turismo"
"Manejo e conservação","Agropecuária"
"Assentamentos rurais","Agropecuária"
"Comércio e Serviços","Comércio e Serviços"
"Saúde ocular","Saúde"
"Qualificação e aprendizagem profissional","Trabalho"
"Indicadores ambientais","Meio ambiente"
"Instrumentos de planejamento e gestão ambiental","Meio ambiente"
"Agroestrativismo","Meio ambiente"
"Infraestrutura de turismo","Comércio e Serviços,Turismo"
"Demanda de água","Meio ambiente,Água"
"Serviço militar","Defesa Nacional"
"Invasões biológicas","Biodiversidade,Meio ambiente"
"Móvel aeronáutico","Comunicações"
"Infraestrutura material e ambiental","Educação"
"Bioprospecção","Biodiversidade,Meio ambiente"
"Sistema judicial",""
"Aposentadoria por invalidez","Previdência Social"
"Resoluções","Educação"
"Informações sobre o país","Comércio e Serviços,Turismo"
"Salário maternidade","Previdência Social"
"Feiras iivres","Serviços Urbanos,Urbanismo"
"Fomento à geração do conhecimento","Meio ambiente"
"Classificação da informação","Comunicações"
"Saneamento urbano","Saneamento Básico Urbano,Saneamento"
"Estatuto do índio",""
"Indústria couro-calçadista","Propriedade Industrial,Indústria"
"Móvel especializado","Comunicações"
"Penas alternativas",""
"Regiões com balanço deficitário de recursos hídricos","Meio ambiente,Água"
"Polícia rodoviária","Segurança e Ordem Pública"
"Turismo temático","Comércio e Serviços,Turismo"
"Bolsa de estudos pós-graduação","Educação,Educação superior"
"Reconhecimento de cursos","Educação,Educação superior"
"Sobrepesca","Biodiversidade,Meio ambiente"
"Licenciatura","Educação,Educação superior"
"Entidades ambientalistas","Meio ambiente"
"Beneficio assistencial ao idoso e ao deficiente","Previdência Social"
"Identificação taxonômica de patrimônio genético","Biodiversidade,Meio ambiente"
"Aterros sanitários","Meio ambiente"
"Crédito e financiamento de exportação","Comércio e Serviços"
"Valoração dos serviços ambientais prestados pelas florestas e demais formas de vegetação nativa","Meio ambiente"
"Projetos de lei",""
"Representações estrangeira no Brasil","Relações Internacionais"
"Assistência jurídica gratuita",",Proteção Social,Combate a desigualdade"
"Jurisprudência",""
"Monumentos naturais","Meio ambiente,Preservação e Conservação Ambiental"
"Saúde e seguro","Comércio e Serviços,Turismo"
"Saúde da população negra","Saúde"
"Coleções nacionais de referência","Biodiversidade,Meio ambiente"
"Software livre","Pesquisa e Desenvolvimento"
"Estatuto da criança e do adolescente",""
"Cadeias produtivas de base florestal","Meio ambiente"
"Transporte do trabalhador","Trabalho"
"Política de incentivo de comércio e serviços","Comércio e Serviços"
"Desenho","Cultura"
"Agronegócio","Biodiversidade,Meio ambiente,Agropecuária"
"Agricultura de subsistência","Agropecuária"
"Justiça",""
"Imigrantes","Cultura"
"Comércio eletrônico","Comércio e Serviços"
"Coleções","Biodiversidade,Meio ambiente"
"Sistemas agroflorestais em bases sustentáveis","Meio ambiente"
"Instituições federais de ensino superior","Educação,Educação superior"
"Direitos de acesso às florestas públicas e aos benefícios decorrentes","Meio ambiente"
"Complementação de estudos","Educação,Educação superior"
"Recuperação de áreas degradadas","Biodiversidade,Meio ambiente"
"Agricultura, extrativismo e pesca","Agropecuária"
"Centro de triagem",""
"Entidade representativa de classe","Trabalho"
"Habitats naturais","Biodiversidade,Meio ambiente"
"Transporte de patrimônio genético","Biodiversidade,Meio ambiente"
"Avaliação de impactos ambientais","Meio ambiente"
"Floresta amazônica","Biodiversidade,Meio ambiente"
"Validade diploma educação superior","Educação,Educação superior"
"Cultura","Cultura"
"Sistema de saúde suplementar","Saúde"
"Saúde mental","Saúde"
"Recursos humanos","Recursos humanos,Administração"
"Indústria de equipamentos médico-hospitalares","Propriedade Industrial,Indústria"
"Áreas degradadas","Meio ambiente"
"Refúgio da vida silvestre","Meio ambiente,Preservação e Conservação Ambiental"
"Latu sensu","Educação,Educação superior"
"Bubalinocultura","Agropecuária"
"Urbanismo","Urbanismo"
"Segurança Nacional","Defesa Nacional"
"Produtos florestais madeireiros","Meio ambiente"
"Espécies vulneráveis","Biodiversidade,Meio ambiente"
"Corredores ecológicos","Meio ambiente,Preservação e Conservação Ambiental"
"Seguro habitacional","Habitação"
"Poluentes atmosféricos","Meio ambiente"
"Zonas úmidas","Biodiversidade,Meio ambiente"
"Regime semi-aberto",""
"Identificação criminal","Segurança e Ordem Pública"
"Composição de alimentos","Agropecuária"
"SAMU 192","Saúde"
"Uso eficiente e racional das florestas","Meio ambiente"
"Reservas de desenvolvimento sustentável","Preservação e Conservação Ambiental,Meio ambiente"
"Carvão mineral","Meio ambiente"
"Corpo de bombeiros","Segurança e Ordem Pública"
"Horticultura","Agropecuária"
"Contrato de trabalho","Trabalho"
"TV via satélite","Comunicações"
"Indústria mecânica e metalúrgica","Propriedade Industrial,Indústria"
"Móvel celular","Comunicações"
"Licenças ambientais","Meio ambiente"
"Gás","Energia,Combustíveis"
"Perícia técnica","Segurança e Ordem Pública"
"Políticas e diretrizes para o SUS","Saúde"
"Paralisia infantil","Saúde"
"Licença de operação","Meio ambiente"
"Turismo de aventura","Comércio e Serviços,Turismo"
"Recursos pesqueiros","Biodiversidade,Meio ambiente"
"Arquivos","Comunicações"
"Mapas georreferenciados","Meio ambiente"
"Ecossistemas terrestres","Biodiversidade,Meio ambiente"
"São Francisco","Água,Meio ambiente"
"Desertificação","Biodiversidade,Meio ambiente"
"Master business administration","Educação,Educação superior"
"Operador de transporte multimodal","Transportes"
"Medicamentos","Medicamentos e aparelhos,Saúde"
"Telefonia","Serviços Urbanos,Urbanismo"
"Entorno das unidades de conservação","Meio ambiente,Preservação e Conservação Ambiental"
"Defesa da ordem jurídica",""
"Fomento","Meio ambiente"
"Tribunais superiores",""
"Sistemas agroflorestais (SAFS)","Biodiversidade,Meio ambiente"
"Conselhos de justiça",""
"Tecnologia industrial","Indústria"
"Transporte internacional de passageiros","Transportes"
"Nanociência","Pesquisa e Desenvolvimento"
"Pesquisa em saúde","Saúde"
"Economia agrícola","Agropecuária"
"Tribunais federais",""
"Recuperação de ativos",""
"Gerenciamento de áreas contaminadas","Meio ambiente"
"Espécies endêmicas","Biodiversidade,Meio ambiente"
"Moto frete","Serviços Urbanos,Urbanismo"
"Sanções cíveis","Meio ambiente"
"Bancos","Economia e Finanças"
"Valoração do patrimônio genético","Biodiversidade,Meio ambiente"
"Feira","Comércio e Serviços"
"Rede laboratorial de sementes","Biodiversidade,Meio ambiente"
"Promoção do processamento local em florestas públicas","Meio ambiente"
"Pensão por morte","Previdência Social"
"Leis de diretrizes e bases da educação nacional","Educação"
"Proteção ao trabalhador","Trabalho"
"Previsão de safra","Agropecuária"
"Minimização dos efeitos de secas e inundações","Meio ambiente"
"Tecnologia de segurança de dados e informação","Pesquisa e Desenvolvimento"
"Habitação","Habitação"
"Agroextrativismo","Biodiversidade,Meio ambiente"
"Plantio direto","Agropecuária"
"Taxa","Economia e Finanças"
"Cadastro de coleções de espécies","Biodiversidade,Meio ambiente"
"Recursos hídricos transfronteiriços","Meio ambiente,Água"
"Sistema nacional de informação sobre o meio ambiente - SINIMA","Meio ambiente"
"Gestão de áreas protegidas","Meio ambiente,Preservação e Conservação Ambiental"
"Distúrbios de animais","Agropecuária"
"Trabalho","Trabalho"
"Pesquisa científica e tecnologia","Pesquisa e Desenvolvimento"
"Direito dos usuários dos serviços de saúde","Saúde"
"Administração pública","Administração"
"Indígena","Cultura"
"Área de preservação permanente (APP)","Meio ambiente,Preservação e Conservação Ambiental"
"Economia","Economia e Finanças"
"Biocombustível","Biodiversidade,Energia,Combustíveis,Meio ambiente"
"Carteira de estudante",""
"Ciência e tecnologia em saúde","Saúde"
"Licenciamento ambiental","Meio ambiente"
"Produto vegetal","Agropecuária"
"Fiscalização de transporte rodoviário","Transportes,Transporte Rodoviário"
"Carcinicultura","Agropecuária"
"Pele","Produção agropecuária,Agropecuária"
"Acesso ao patrimônio genético","Biodiversidade,Meio ambiente"
"Minorias","Proteção Social"
"Goma","Produção agropecuária,Agropecuária"
"Especialização","Educação,Educação superior"
"Desenvolvimento agrícola","Agropecuária"
"Atlântico sudeste","Meio ambiente,Água"
"Tecnologia em saúde","Saúde"
"Regulamentação industrial","Indústria"
"Sindicato",""
"Hospitais universitários","Educação,Educação superior"
"Violência urbana","Saúde"
"Cadeias produtivas sustentáveis","Biodiversidade,Meio ambiente"
"Efeito estufa","Meio ambiente"
"Desenvolvimento tecnológico","Pesquisa e Desenvolvimento"
"Recursos genéticos naturais sujeitos a restrições legais","Biodiversidade,Meio ambiente"
"Economia e meio ambiente","Meio ambiente"
"Plantio","Agropecuária"
"Importação de serviços","Comércio e Serviços"
"Desmatamento ilegal","Meio ambiente"
"Manejo florestal sustentável","Meio ambiente"
"Proteção dos ecossistemas","Meio ambiente"
"Projeto curricular","Educação"
"Anistia política",""
"Saúde da mulher","Saúde"
"Eventos e negócios","Comércio e Serviços,Turismo"
"Reserva legal","Meio ambiente,Preservação e Conservação Ambiental"
"Web TV","Comunicações"
"Cadastro nacional de estabelecimento de saúde","Saúde"
"Família",""
"Centrais de atendimento","Comunicações"
"Monitoramento da cobertura vegetal","Meio ambiente"
"Tratos culturais","Agropecuária"
"Encargos financeiros especiais","Economia e Finanças"
"Recursos hídricos na indústria","Meio ambiente,Água"
"Transporte aquaviário de passageiros","Transportes,Transporte Hidroviário"
"Crimes ambientais","Meio ambiente"
"Auxilio sociais","Proteção Social"
"Transporte multimodal","Transportes"
"Imposto","Economia e Finanças"
"Imprensa","Comunicações"
"Segurança alimentar e nutricional","Saúde"
"Ambientes ocupados pelo homem","Meio ambiente,Preservação e Conservação Ambiental"
"Silvicultura em espécies nativas","Meio ambiente"
"Vetores","Biodiversidade,Meio ambiente"
"Registro de emissão e transferências de poluentes","Meio ambiente"
"Relações bilaterais","Relações Internacionais"
"Uso e ocupação das florestas","Meio ambiente"
"Comércio","Comércio e Serviços"
"Biossegurança","Biodiversidade,Meio ambiente"
"Organização da sociedade civil de interesse publico",""
"Gravura","Cultura"
"Concessão de uso florestas públicas","Meio ambiente"
"Fiscalização de transporte ferroviário","Transportes,Transporte Ferroviário"
"Nanomaterial","Pesquisa e Desenvolvimento"
"Conferências",""
"Saúde reprodutiva","Saúde"
"Pesquisa comportamental no transporte coletivo","Serviços Urbanos,Urbanismo"
"Auxilio a pesquisa","Educação,Educação superior"
"Ecossistemas costeiros","Biodiversidade,Meio ambiente"
"Meios de ensino-aprendizagem","Educação"
"Produção florestal sustentável","Meio ambiente"
"Colegiados","Meio ambiente"
"Procedimentos para publicidade ao ar livre","Urbanismo"
"Empresas","Comércio e Serviços"
"Naturalização","Relações Internacionais"
"Refinanciamento da divida externa","Economia e Finanças"
"Água","Serviços Urbanos,Urbanismo"
"Convenção sobre mudança do clima","Meio ambiente"
"Publicidade ao ar livre","Urbanismo"
"Portos","Transportes,Comércio e Serviços,Transporte Hidroviário,Turismo"
"Previdência complementar","Previdência Social,Previdência Complementar"
"Avaliação ambiental estratégica","Meio ambiente"
"Energia não renováveis","Meio ambiente"
"Cavidades","Biodiversidade,Meio ambiente"
"Banco de germoplasma","Biodiversidade,Meio ambiente"
"Xilotecas","Biodiversidade,Meio ambiente"
"Madeira","Produção agropecuária,Agropecuária"
"Vacinação do viajante","Comércio e Serviços,Saúde,Turismo"
"Acidentes de trânsito","Transportes"
"Reciclagem","Meio ambiente"
"Fomento ao desenvolvimento sustentável","Meio ambiente"
"Segurança no trabalho","Trabalho"
"Incentivos fiscais, tributários e creditícios","Meio ambiente"
"Gerenciamento do passivo das substâncias destruidoras da camada de ozônio","Meio ambiente"
"Serviços Urbanos","Serviços Urbanos,Urbanismo"
"Certificação de sementes","Agropecuária"
"Produtor de obra audiovisual","Cultura"
"TV a Cabo","Comunicações"
"Áreas embargadas pelo IBAMA","Meio ambiente"
"Modernização dos órgãos de justiça e estabelecimentos penais",""
"Turismo","Comércio e Serviços,Turismo"
"Exportação de serviços","Comércio e Serviços"
"Pessoa, família e sociedade",""
"Álcool","Energia,Combustíveis"
"Carpotecas","Biodiversidade,Meio ambiente"
"Infraestrutura de transporte rodoviário","Transportes,Transporte Rodoviário"
"Metrô","Serviços Urbanos,Urbanismo"
"Parques e jardins","Lazer,Esporte e Lazer"
"Destinação de florestas públicas às comunidades locais","Meio ambiente"
"Clima","Comércio e Serviços,Turismo"
"Proteção integral","Meio ambiente,Preservação e Conservação Ambiental"
"Associação agrícola","Agropecuária"
"Telefonia fixa","Comunicações"
"Humanização na saúde","Saúde"
"Tecnologia espacial","Pesquisa e Desenvolvimento"
"Espécies ameaçadas de extinção","Biodiversidade,Meio ambiente"
"Prevenção e controle do meio ambiente","Meio ambiente"
"Erva daninha","Agropecuária"
"Primeiro ciclo","Educação,Educação básica"
"Fundação",""
"Análise de risco - área vegetal","Agropecuária"
"Planejamento familiar",""
"Posto de saúde","Saúde,Assistência Hospitalar e Ambulatorial"
"Espécies de valor econômico atual ou potencial","Biodiversidade,Meio ambiente"
"Auditoria em saúde","Saúde"
"Compras públicas sustentáveis","Meio ambiente"
"Quantidade de água","Meio ambiente,Água"
"Produto animal","Agropecuária"
"Agência de fomento a pós-graduação","Educação,Educação superior"
"Transporte rodoviário de passageiros","Transportes,Transporte Rodoviário"
"Veículos de comunicação","Comunicações"
"Lazer","Lazer,Esporte e Lazer"
"Alistamento militar",""
"Sanções","Meio ambiente"
"Prestação de contas","Fiscalização do Estado,Administração"
"Autorizações para uso de patrimônio genético","Biodiversidade,Meio ambiente"
"Modernização e aparelhamento dos órgãos de segurança pública","Segurança e Ordem Pública"
"Telecomunicações","Comunicações"
"Transporte rodoviário","Transportes,Transporte Rodoviário"
"Redes de comunicação","Pesquisa e Desenvolvimento"
"Campanha férias sustentáveis","Biodiversidade,Meio ambiente"
"Coleta seletiva","Meio ambiente,Preservação e Conservação Ambiental"
"Preservação de bosques e imóveis","Urbanismo"
"Biopirataria","Biodiversidade,Meio ambiente"
"Negociação internacional","Comércio e Serviços"
"Atlântico nordeste oriental","Meio ambiente,Água"
"Unidades de saúde","Saúde,Assistência Hospitalar e Ambulatorial"
"Preservação de alimentos","Agropecuária"
"Restaurantes","Comércio e Serviços,Turismo"
"Concessões","Serviços Urbanos,Urbanismo"
"Medicamentos fracionados","Medicamentos e aparelhos,Saúde"
"Aplicação dos recursos","Meio ambiente"
"Avaliação da qualidade ambiental","Meio ambiente"
"Solos","Agropecuária"
"Qualidade dos medicamento","Medicamentos e aparelhos,Saúde"
"Ilhas, parceis e atóis","Biodiversidade,Meio ambiente"
"Policlínica","Saúde,Assistência Hospitalar e Ambulatorial"
"Primeiros socorros","Saúde"
"Valorização dos resíduos sólidos","Meio ambiente"
"Equipamentos médico-hospitalares","Saúde"
"Educação indígena","Educação"
"Gestão da água","Saneamento Básico Urbano,Saneamento"
"Sericicultura","Agropecuária"
"Preparo de solo","Agropecuária"
"Empreendimentos hidrelétricos","Meio ambiente"
"Gestão florestal compartilhada","Meio ambiente"
"Atividades de turismo","Meio ambiente"
"Ética de profissionais de saúde","Saúde"
"Estatísticas de trânsito","Transportes"
"Reposição florestal","Biodiversidade,Meio ambiente"
"Entidades de interesse publico",""
"Reservas biológicas","Meio ambiente,Preservação e Conservação Ambiental"
"Organização política","Administração"
"Preservação de dados e informações","Comunicações"
"Obesidade","Saúde"
"Atmosfera","Meio ambiente"
"Fomento à produção sustentável","Meio ambiente"
"Empreendimentos potencialmente causadores de impacto ambiental","Meio ambiente"
"Instrumentos para gestão de recursos hídricos","Meio ambiente,Água"
"Sistemas de informação","Pesquisa e Desenvolvimento"
"Tecnólogo","Educação,Educação superior"
"Comunicação móvel","Comunicações"
"Artes visuais","Cultura"
"Mestrado","Educação,Educação superior"
"Patrimônio da união","Administração,Patrimônio"
"Feriados","Comércio e Serviços,Turismo"
"Regime político","Administração"
"Ensino fundamental de 9 anos","Educação,Educação básica"
"Brasil Sorridente","Saúde"
"Comércio exterior","Comércio e Serviços"
"Atlântico nordeste ocidental","Meio ambiente,Água"
"Alimentação do trabalhador","Trabalho"
"Cemitérios","Meio ambiente"
"Sistema nacional de gerenciamento de recursos hídricos","Meio ambiente,Água"
"Cooperação jurídica internacional","Relações Internacionais"
"Gasodutos","Transportes"
"Sentença judicial",""
"Carteira de trabalho",""
"Sociedade Civil - Organização e participação",""
"Sistema Único de Saúde (SUS)","Saúde"
"Águas","Meio ambiente,Água"
"Sustentabilidade ambiental da atividade turística","Biodiversidade,Meio ambiente"
"Qualidade de cosméticos","Vigilância Sanitária,Saúde"
"Jardins botânicos","Biodiversidade,Meio ambiente"
"Conversão tecnológica","Meio ambiente"
"Fomento a pós-graduação","Educação,Educação superior"
"Inteligência artificial","Pesquisa e Desenvolvimento"
"Autorização de transporte aquaviário","Transportes,Transporte Hidroviário"
"Projetos de desenvolvimento sustentável","Meio ambiente"
"Flora ameçada de extinção","Biodiversidade,Meio ambiente"
"Repartição de competências","Meio ambiente"
"Fiscalização do trabalho","Trabalho"
"Oferta de água","Meio ambiente,Água"
"Mecanismo de desenvolvimento limpo (MDL)","Meio ambiente"
"Ordenamento do uso dos recurso pesqueiros","Biodiversidade,Meio ambiente"
"Projeto de lei estadual",""
"Produtos do extrativismo","Meio ambiente"
"Regulamentação comercial","Comércio e Serviços"
"Pregão","Administração,Compras governamentais"
"Declaração de localização de imóveis","Urbanismo"
"Medicina natural","Saúde"
"Violência contra o menor","Saúde"
"Hídrica","Meio ambiente"
"Água de lastro","Biodiversidade,Meio ambiente"
"Apoio técnico a pesquisa e iniciação cientifica","Educação,Educação superior"
"Consumo sustentável","Biodiversidade,Meio ambiente"
"Acesso e divulgação da produção cientifica","Educação,Educação superior"
"Formação inicial e continuada de trabalhadores","Educação,Educação profissionalizante"
"Demolição","Urbanismo"
"Biologia pesqueira","Agropecuária"
"Certificado de Produto Brasileiro (CPB)","Cultura"
"Mercado de carbono","Meio ambiente"
"Sistema de produção","Agropecuária"
"Barreiras externas","Comércio e Serviços"
"Resíduos e rejeitos","Meio ambiente"
"Mestrado profissional","Educação,Educação superior"
"Minimização dos impactos gerados por resíduos perigosos","Meio ambiente"
"Infraestrutura de transporte aquaviário","Transportes,Transporte Hidroviário"
"Polícia municipal","Segurança e Ordem Pública"
"Cera vegetal","Produção agropecuária,Agropecuária"
"Projeto pedagógico","Educação"
"Hospital de custódia",""
"Consulados e embaixadas","Comércio e Serviços,Turismo"
"Enquadramento dos corpos de água em classes de uso","Meio ambiente,Água"
"Licitações públicas sustentáveis","Meio ambiente"
"Resíduos químicos","Meio ambiente"
"Mercosul e integração regional","Relações Internacionais"
"Orçamento do estado","Administração,Planejamento"
"Previdência social","Previdência Social"
"Finanças","Economia e Finanças"
"Sistema político","Administração"
"Informações estatísticas","Comunicações"
"Assistência ao estudante","Educação"
"Melhoramento genético animal","Agropecuária"
"Zoneamento ecológico e econômico - ZEE","Meio ambiente"
"Plantas de imóveis","Urbanismo"
"Residência medica","Educação,Educação superior"
"Avaliação ambiental","Meio ambiente"
"Convenção de Viena e protocolo de Montreal","Meio ambiente"
"Águas subterrâneas","Meio ambiente,Água"
"Cálculo da compensação ambiental","Meio ambiente"
"Medicamentos fitoterápicos","Medicamentos e aparelhos,Saúde"
"Higiene veterinária","Agropecuária"
"Certificado de proficiência em língua portuguesa para estrangeiro","Educação,Educação superior"
"Conservação de patrimônio genético","Biodiversidade,Meio ambiente"
"Formas de união",""
"Obra audiovisual","Cultura"
"Ouvidoria","Proteção Social,Combate a desigualdade,Saúde"
"Programadora (audiovisual)","Cultura"
"Comunidade pesqueira","Agropecuária"
"Patrimônio genético ou recursos genéticos","Biodiversidade,Meio ambiente"
"Planos de recursos hídricos","Meio ambiente,Água"
"Conselhos de saúde","Saúde"
"Legislação educacional","Educação"
"Luz","Serviços Urbanos,Urbanismo"
"Equipamentos de pesca","Agropecuária"
"Fiscalização vegetal","Agropecuária"
"Fauna ameçada de extinção","Biodiversidade,Meio ambiente"
"Doutorado","Educação,Educação superior"
"Tecnologia da informação e comunicação","Pesquisa e Desenvolvimento"
"Igualdade de direitos do estrangeiro","Relações Internacionais"
"Conclusão de obra","Urbanismo"
"Planejamento urbano","Urbanismo"
"Audiovisual","Cultura"
"Resíduos radiotivos","Meio ambiente"
"Incentivos à produção sustentável","Biodiversidade,Meio ambiente"
"Defesa e Segurança",",Segurança e Ordem Pública,Defesa Nacional"
"Rede brasileira de fundos socioambientais","Meio ambiente"
"Regime fechado",""
"Adoção de tecnologias sustentáveis","Biodiversidade,Meio ambiente"
"Ecossistemas aquáticos e terrestres","Biodiversidade,Meio ambiente"
"Transporte escolar","Educação,Serviços Urbanos,Urbanismo"
"Pensão alimentícia e alimentos",""
"Gestão integrada de resíduos sólidos urbanos","Meio ambiente"
"Agrobiodiversidade","Biodiversidade,Meio ambiente"
"Farmácia básica","Medicamentos e aparelhos,Saúde"
"Mercado municipal","Serviços Urbanos,Urbanismo"
"Estrutura animal","Agropecuária"
"Informações geográficas","Meio ambiente"
"Processo licitatório de concessão de uso florestas públicas","Meio ambiente"
"Turismo internacional","Comércio e Serviços,Turismo"
"Fibra vegetal","Produção agropecuária,Agropecuária"
"Acordos internacionais","Relações Internacionais"
"Porte de arma","Segurança e Ordem Pública"
"Gestão da produção agrária","Agropecuária"
"Estatísticas educacionais","Educação"
"Concursos","Recursos humanos,Administração"
"Plano agrícola e pecuário","Agropecuária"
"Sanções da compensação ambiental","Meio ambiente"
"Povos indígenas","Proteção Social"
"Financiamento publico e privado","Economia e Finanças"
"Gestão dos recursos pesqueiros","Biodiversidade,Meio ambiente"
"Política externa","Relações Internacionais"
"Ampliação","Urbanismo"
"Proteção e recuperação de espécies ameçadas de extinção","Biodiversidade,Meio ambiente"
"Fragmentação","Meio ambiente"
"Mortalidade materna","Saúde"
"Equideocultura","Agropecuária"
"Reconhecimento de filho",""
"Hardware","Pesquisa e Desenvolvimento"
"Sistemas de informação científica do patrimônio genético","Biodiversidade,Meio ambiente"
"Trem metropolitano","Serviços Urbanos,Urbanismo"
"Associação",""
"Reforma agrária","Agropecuária"
"Tecnologia ambientalmente adequadas","Meio ambiente"
"Fisiologia animal","Agropecuária"
"Produção vegetal","Agropecuária"
"Encargos financeiros","Economia e Finanças"
"Recurso ao conselho municipal de urbanismo","Serviços Urbanos,Urbanismo"
"Produtos e subprodutos da flora e da fauna","Preservação e Conservação Ambiental,Meio ambiente"
"Novela","Cultura"
"Tribunais de justiça",""
"Ensino médio","Educação,Educação básica"
"Farmácia hospitalar","Medicamentos e aparelhos,Saúde"
"Detecção do desmatamento em tempo real (DETER)","Meio ambiente"
"Transportes coletivos","Serviços Urbanos,Urbanismo"
"Pesquisa florestal","Meio ambiente"
"Emergências ambientais","Meio ambiente"
"Floricultura","Agropecuária"
"Águas de chuva","Meio ambiente,Água"
"Transtornos alimentares","Saúde"
"Estradas","Comércio e Serviços,Turismo"
"Zona costeira e marinha","Biodiversidade,Meio ambiente"
"Financiamento estudantil","Educação"
"Gestão de meio ambiente","Meio ambiente"
"Governo eletrônico","Administração,Serviços Públicos"
"Multas / infrações","Transportes"
"Transferência","Educação,Educação superior"
"Licença prévia","Meio ambiente"
"Corredor central da mata atlântica (CCMA)","Meio ambiente,Preservação e Conservação Ambiental"
"Atlântico leste","Meio ambiente,Água"
"Administração de receitas","Economia e Finanças"
"Planejamento ambiental da aquicultura","Meio ambiente"
"Organização do estado","Administração"
"Remuneração dos serviços ambientais","Meio ambiente"
"Produção de sementes e mudas","Agropecuária"
"Minimização de rejeitos","Meio ambiente"
"Qualidade de agrotóxicos","Vigilância Sanitária,Saúde"
"Acesso a recursos genéticos naturais","Biodiversidade,Meio ambiente"
"Águas transfronteiriças","Meio ambiente,Água"
"Termo de anuência prévia (TAP)","Biodiversidade,Meio ambiente"
"Métodos de aprendizagem","Educação"
"Acupuntura","Saúde"
"Extrativismo vegetal","Produção agropecuária,Agropecuária"
"Licenciamentos especiais","Meio ambiente"
"Grupos e organismos políticos internacionais","Relações Internacionais"
"Servidão ambiental","Meio ambiente"
"Consulta publica","Fiscalização do Estado,Administração"
"Monitoramento","Meio ambiente"
"Óleo vegetal","Produção agropecuária,Agropecuária"
"Remuneração","Recursos humanos,Administração"
"Organizações internacionais","Relações Internacionais"
"Software","Pesquisa e Desenvolvimento"
"Política trabalhista","Trabalho"
"Produtos florestais não-madeireiros","Meio ambiente"
"Queimadas e incêndios","Biodiversidade,Meio ambiente"
"Tratamento de esgoto","Saneamento Básico Urbano,Saneamento"
"Relatório de impacto ambiental - RIMA","Meio ambiente"
"Fiscalização de transporte aquaviário","Transportes,Transporte Hidroviário"
"Legislação trabalhista","Trabalho"
"Parques Nacionais","Meio ambiente,Preservação e Conservação Ambiental"
"Museus","Comunicações"
"Vigilância sanitária","Vigilância Sanitária,Saúde"
"Reforma de imóveis","Urbanismo"
"Exposição","Comércio e Serviços"
"Isenção tarifária","Serviços Urbanos,Urbanismo"
"Abastecimento","Abastecimento,Agropecuária"
"União estável",""
"Qualidade de derivados do tabaco","Vigilância Sanitária,Saúde"
"Licença de instalação","Meio ambiente"
"Medicina legal","Segurança e Ordem Pública"
"Compras governamentais","Administração,Compras governamentais"
"Exploração de satélite","Comunicações"
"Substâncias que destroem a camada de ozônio","Meio ambiente"
"Concessão aos taxistas","Serviços Urbanos,Urbanismo"
"Aqüicultura","Biodiversidade,Meio ambiente,Agropecuária"
"Infraestrutura para conservação e preservação de biomas","Biodiversidade,Meio ambiente"
"Remessa de patrimônio genético","Biodiversidade,Meio ambiente"
"Incentivos e promoções do turismo","Comércio e Serviços,Turismo"
"Mitigação da mudança do clima","Meio ambiente"
"Paraguai","Meio ambiente,Água"
"Sistema de pagamentos brasileiro","Economia e Finanças"
"Aposentadoria por tempo de contribuição","Previdência Social"
"Áreas ambientalmente sensíveis","Meio ambiente,Preservação e Conservação Ambiental"
"Serviços consulares","Relações Internacionais"
"Exportação","Comércio e Serviços"
"Comunidades locais de florestas públicas","Meio ambiente"
"Organismos geneticamente modificados (OGM)","Biodiversidade,Meio ambiente"
"Rede de unidades de conservação particulares","Meio ambiente,Preservação e Conservação Ambiental"
"Poder executivo","Administração"
"Plano plurianual","Administração,Planejamento"
"Disponibilidade de água","Meio ambiente,Água"
"Desenvolvimento, produção e uso sustentável","Biodiversidade,Meio ambiente"
"Sistema de informação em saúde","Saúde"
"Documentos e vistos","Comércio e Serviços,Turismo"
"Separação e divorcio",""
"Equipamento agrícola","Produção agropecuária,Agropecuária"
"Defesa econômica e da concorrência","Economia e Finanças"
"Sistema eleitoral","Administração"
"Cavidades naturais subterrâneas","Biodiversidade,Meio ambiente"
"Instrumentos econômicos","Meio ambiente"
"Transporte rodoviário de cargas","Transportes,Transporte Rodoviário"
"Resíduos perigosos","Saúde,Meio ambiente"
"Capacitação social nas regiões hidrográficas","Meio ambiente"
"Formação cientifica","Educação,Educação superior"
"Poda","Agropecuária"
